Relative_Timestamp,UTC_Timestamp,Ticks,Subject_ID,Test_Name,Condition,Wave,Trial,TargetName,Outcome,ReactionTime_ms,RT_s, Gaze_Precision, Locked_On_Target_Status, Gaze_Hit_Location_x, Gaze_Hit_Location_y,Gaze_Hit_Location_z, Reticle_Aim_Direction_x,Reticle_Aim_Direction_y, Reticle_Aim_Direction_z, Target_Distance_From_Camera
732.497,2025-10-08T00:16:36.9546830Z,638954793969546930,STEVEN100725C,Simple Disorientation Tasks,Baseline, 1,0,Target_Center,Incorrect,482,0.48,0.996,True,-0.021,1.267,9.500,-0.006,1.118,3.049,9.956
733.587,2025-10-08T00:16:38.0446400Z,638954793980446510,STEVEN100725C,Simple Disorientation Tasks,Baseline, 1,1,Target_Left,Hit,556,0.56,0.776,True,-3.113,1.073,9.500,-0.964,1.061,2.894,10.725
734.513,2025-10-08T00:16:38.9703280Z,638954793989703440,STEVEN100725C,Simple Disorientation Tasks,Baseline, 1,1,Target_Center,Incorrect,400,0.40,0.989,True,-0.148,1.286,9.500,-0.044,1.122,3.048,9.956
735.591,2025-10-08T00:16:40.0487950Z,638954794000488150,STEVEN100725C,Simple Disorientation Tasks,Baseline, 1,2,Target_Left,Hit,554,0.55,0.940,True,-3.588,1.328,9.500,-1.093,1.117,2.846,10.726
736.676,2025-10-08T00:16:41.1334410Z,638954794011334480,STEVEN100725C,Simple Disorientation Tasks,Baseline, 1,3,Target_Up,Hit,571,0.57,0.752,True,0.139,6.355,9.500,0.038,2.539,2.645,10.855
737.767,2025-10-08T00:16:42.2239590Z,638954794022239680,STEVEN100725C,Simple Disorientation Tasks,Baseline, 1,4,Target_Left,Hit,566,0.57,0.898,True,-3.895,0.804,9.500,-1.161,0.974,2.820,10.724
738.888,2025-10-08T00:16:43.3449240Z,638954794033449320,STEVEN100725C,Simple Disorientation Tasks,Baseline, 1,4,Target_Center,Incorrect,587,0.59,0.684,True,1.099,0.909,9.500,0.343,1.009,3.031,9.955
739.960,2025-10-08T00:16:44.4178370Z,638954794044178470,STEVEN100725C,Simple Disorientation Tasks,Baseline, 1,5,Target_Up,Hit,557,0.56,0.997,True,0.081,5.363,9.500,0.023,2.307,2.765,10.852
741.121,2025-10-08T00:16:45.5783320Z,638954794055783420,STEVEN100725C,Simple Disorientation Tasks,Baseline, 1,6,Target_Down,Hit,638,0.64,0.990,True,0.124,-2.539,9.500,0.041,-0.056,2.853,10.598
742.279,2025-10-08T00:16:46.7360250Z,638954794067360330,STEVEN100725C,Simple Disorientation Tasks,Baseline, 1,7,Target_Down,Hit,643,0.64,0.903,True,-0.040,-3.185,9.500,-0.012,-0.202,2.794,10.597
743.342,2025-10-08T00:16:47.7996450Z,638954794077996700,STEVEN100725C,Simple Disorientation Tasks,Baseline, 1,8,Target_Left,Hit,552,0.55,0.740,True,-5.031,1.246,9.500,-1.433,1.102,2.692,10.726
744.383,2025-10-08T00:16:48.8404380Z,638954794088404490,STEVEN100725C,Simple Disorientation Tasks,Baseline, 1,8,Target_Center,Incorrect,524,0.52,0.890,True,0.499,1.047,9.500,0.175,1.052,3.045,9.955
745.451,2025-10-08T00:16:49.9086170Z,638954794099086280,STEVEN100725C,Simple Disorientation Tasks,Baseline, 1,9,Target_Up,Hit,547,0.55,0.958,True,0.063,5.696,9.500,0.019,2.391,2.725,10.853
746.440,2025-10-08T00:16:50.8976410Z,638954794108976510,STEVEN100725C,Simple Disorientation Tasks,Baseline, 1,9,Target_Center,Incorrect,468,0.47,0.892,True,0.080,0.781,9.500,0.026,0.953,3.049,9.954
747.400,2025-10-08T00:16:51.8576610Z,638954794118576710,STEVEN100725C,Simple Disorientation Tasks,Baseline, 1,9,Target_Center,Incorrect,436,0.44,0.985,True,-0.193,1.316,9.500,-0.057,1.137,3.047,9.956
748.503,2025-10-08T00:16:52.9607110Z,638954794129607220,STEVEN100725C,Simple Disorientation Tasks,Baseline, 1,10,Target_Left,Hit,580,0.58,0.983,True,-4.057,1.159,9.500,-1.208,1.082,2.800,10.725
749.661,2025-10-08T00:16:54.1185770Z,638954794141185860,STEVEN100725C,Simple Disorientation Tasks,Baseline, 1,11,Target_Left,Hit,632,0.63,0.995,True,-3.936,1.265,9.500,-1.187,1.112,2.808,10.726
750.728,2025-10-08T00:16:55.1854330Z,638954794151854380,STEVEN100725C,Simple Disorientation Tasks,Baseline, 1,12,Target_Left,Hit,557,0.56,0.915,True,-4.493,1.485,9.500,-1.313,1.174,2.749,10.726
751.744,2025-10-08T00:16:56.2013320Z,638954794162013420,STEVEN100725C,Simple Disorientation Tasks,Baseline, 1,12,Target_Center,Incorrect,501,0.50,0.869,True,-0.017,0.702,9.500,-0.007,0.904,3.048,9.954
752.827,2025-10-08T00:16:57.2839060Z,638954794172839120,STEVEN100725C,Simple Disorientation Tasks,Baseline, 1,13,Target_Up,Hit,571,0.57,0.993,True,0.053,5.238,9.500,0.016,2.275,2.780,10.852
753.998,2025-10-08T00:16:58.4549510Z,638954794184549580,STEVEN100725C,Simple Disorientation Tasks,Baseline, 1,14,Target_Up,Hit,649,0.65,0.932,True,0.012,4.916,9.500,0.002,2.201,2.813,10.851
755.073,2025-10-08T00:16:59.5304270Z,638954794195304360,STEVEN100725C,Simple Disorientation Tasks,Baseline, 1,15,Target_Right,Hit,557,0.56,0.723,True,2.916,1.358,9.500,0.909,1.144,2.909,10.726
756.192,2025-10-08T00:17:00.6495150Z,638954794206495220,STEVEN100725C,Simple Disorientation Tasks,Baseline, 1,16,Target_Up,Hit,594,0.59,0.949,True,0.007,5.739,9.500,0.003,2.398,2.721,10.853
757.313,2025-10-08T00:17:01.7704340Z,638954794217704420,STEVEN100725C,Simple Disorientation Tasks,Baseline, 1,17,Target_Left,Hit,603,0.60,0.998,True,-4.014,1.296,9.500,-1.220,1.122,2.794,10.726
758.507,2025-10-08T00:17:02.9642670Z,638954794229642740,STEVEN100725C,Simple Disorientation Tasks,Baseline, 1,18,Target_Center,Hit,673,0.67,0.098,True,0.349,4.048,9.500,0.107,1.953,2.902,9.966
759.575,2025-10-08T00:17:04.0326120Z,638954794240326200,STEVEN100725C,Simple Disorientation Tasks,Baseline, 1,19,Target_Up,Hit,547,0.55,0.938,True,0.062,5.782,9.500,0.018,2.414,2.713,10.853
760.664,2025-10-08T00:17:05.1213160Z,638954794251213250,STEVEN100725C,Simple Disorientation Tasks,Baseline, 1,20,Target_Left,Hit,558,0.56,0.968,True,-4.218,1.166,9.500,-1.259,1.083,2.777,10.725
761.868,2025-10-08T00:17:06.3254630Z,638954794263254720,STEVEN100725C,Simple Disorientation Tasks,Baseline, 1,21,Target_Down,Hit,679,0.68,0.830,True,-0.011,-1.860,9.500,-0.004,0.161,2.927,10.600
772.002,2025-10-08T00:17:16.4593090Z,638954794364593180,STEVEN100725C,Simple Disorientation Tasks,Delay, 2,22,Target_Up,Hit,546,0.55,0.995,True,-0.090,5.296,9.500,-0.025,2.322,2.759,10.852
772.895,2025-10-08T00:17:17.3520700Z,638954794373520770,STEVEN100725C,Simple Disorientation Tasks,Delay, 2,22,Target_Center,Incorrect,365,0.37,0.982,True,-0.001,1.581,9.500,0.000,1.206,3.044,9.957
774.028,2025-10-08T00:17:18.4856590Z,638954794384856660,STEVEN100725C,Simple Disorientation Tasks,Delay, 2,23,Target_Right,Hit,612,0.61,0.690,True,2.826,1.387,9.500,0.908,1.140,2.909,10.726
775.186,2025-10-08T00:17:19.6435400Z,638954794396435470,STEVEN100725C,Simple Disorientation Tasks,Delay, 2,24,Target_Up,Hit,630,0.63,0.751,True,-0.170,4.371,9.500,-0.048,2.108,2.849,10.849
776.327,2025-10-08T00:17:20.7844640Z,638954794407844710,STEVEN100725C,Simple Disorientation Tasks,Delay, 2,24,Target_Down,Incorrect,615,0.62,0.000,False,-0.011,-1.860,9.500,-0.018,0.818,3.043,10.600
777.627,2025-10-08T00:17:22.0843270Z,638954794420843350,STEVEN100725C,Simple Disorientation Tasks,Delay, 2,24,Target_Up,Incorrect,776,0.78,0.000,False,-0.170,4.371,9.500,-0.115,1.495,3.011,10.849
778.969,2025-10-08T00:17:23.4259960Z,638954794434260030,STEVEN100725C,Simple Disorientation Tasks,Delay, 2,25,Target_Right,Hit,829,0.83,0.446,True,2.209,1.673,9.500,0.719,1.249,2.955,10.727
780.411,2025-10-08T00:17:24.8682890Z,638954794448683090,STEVEN100725C,Simple Disorientation Tasks,Delay, 2,26,Target_Up,Hit,930,0.93,0.972,True,0.227,5.509,9.500,0.081,2.392,2.723,10.852
782.126,2025-10-08T00:17:26.5829660Z,638954794465829770,STEVEN100725C,Simple Disorientation Tasks,Delay, 2,27,Target_Up,Hit,1191,1.19,0.910,True,0.096,5.879,9.500,0.028,2.480,2.678,10.853
783.852,2025-10-08T00:17:28.3092740Z,638954794483092860,STEVEN100725C,Simple Disorientation Tasks,Delay, 2,28,Target_Up,Hit,1211,1.21,0.943,True,0.039,4.959,9.500,0.013,2.256,2.789,10.851
785.314,2025-10-08T00:17:29.7715550Z,638954794497715640,STEVEN100725C,Simple Disorientation Tasks,Delay, 2,29,Target_Center,Hit,948,0.95,0.297,True,0.061,-0.839,9.500,0.019,0.451,2.996,9.950
787.041,2025-10-08T00:17:31.4979780Z,638954794514979840,STEVEN100725C,Simple Disorientation Tasks,Delay, 2,30,Target_Down,Hit,1205,1.21,0.702,True,-0.227,-3.755,9.500,-0.066,-0.338,2.730,10.595
788.178,2025-10-08T00:17:32.6352240Z,638954794526352320,STEVEN100725C,Simple Disorientation Tasks,Delay, 2,30,Target_Left,Incorrect,614,0.61,0.000,False,-4.218,1.166,9.500,0.057,1.294,3.037,10.725
789.624,2025-10-08T00:17:34.0809370Z,638954794540809470,STEVEN100725C,Simple Disorientation Tasks,Delay, 2,30,Target_Down,Incorrect,925,0.93,0.000,False,-0.227,-3.755,9.500,-0.531,0.963,3.003,10.595
791.139,2025-10-08T00:17:35.5959410Z,638954794555959510,STEVEN100725C,Simple Disorientation Tasks,Delay, 2,30,Target_Up,Incorrect,1008,1.01,0.000,False,0.039,4.959,9.500,-0.434,1.189,3.014,10.851
792.517,2025-10-08T00:17:36.9748260Z,638954794569748370,STEVEN100725C,Simple Disorientation Tasks,Delay, 2,31,Target_Right,Hit,854,0.85,0.098,True,1.302,1.606,9.500,0.409,1.168,3.019,10.728
794.381,2025-10-08T00:17:38.8385120Z,638954794588385220,STEVEN100725C,Simple Disorientation Tasks,Delay, 2,31,Target_Left,Incorrect,1338,1.34,0.000,False,-4.218,1.166,9.500,-0.055,1.063,3.049,10.725
795.950,2025-10-08T00:17:40.4072850Z,638954794604072940,STEVEN100725C,Simple Disorientation Tasks,Delay, 2,31,Target_Up,Incorrect,1035,1.04,0.000,False,-2.925,2.361,10.478,-0.088,1.255,3.040,10.847
797.596,2025-10-08T00:17:42.0533300Z,638954794620533380,STEVEN100725C,Simple Disorientation Tasks,Delay, 2,32,Target_Right,Hit,1131,1.13,0.000,False,0.999,1.039,9.938,0.218,0.819,3.036,10.727
799.168,2025-10-08T00:17:43.6256690Z,638954794636256790,STEVEN100725C,Simple Disorientation Tasks,Delay, 2,33,Target_Center,Hit,1048,1.05,0.000,True,2.749,-0.773,9.500,0.783,0.502,2.902,9.953
800.761,2025-10-08T00:17:45.2186340Z,638954794652186410,STEVEN100725C,Simple Disorientation Tasks,Delay, 2,34,Target_Center,Hit,1069,1.07,0.827,True,-0.722,1.047,9.500,-0.192,1.022,3.044,9.955
802.153,2025-10-08T00:17:46.6099560Z,638954794666099640,STEVEN100725C,Simple Disorientation Tasks,Delay, 2,34,Target_Down,Incorrect,868,0.87,0.000,False,-0.227,-3.755,9.500,0.711,1.009,2.966,10.595
812.421,2025-10-08T00:17:56.8788330Z,638954794768788400,STEVEN100725C,Simple Disorientation Tasks,Inversion_Yaw, 3,35,Target_Up,Hit,731,0.73,0.889,True,0.591,5.291,9.500,0.172,2.298,2.764,10.852
814.035,2025-10-08T00:17:58.4924770Z,638954794784924840,STEVEN100725C,Simple Disorientation Tasks,Inversion_Yaw, 3,36,Target_Center,Hit,1089,1.09,0.549,True,-1.540,1.183,9.500,-0.496,1.099,3.006,9.956
815.230,2025-10-08T00:17:59.6874410Z,638954794796874490,STEVEN100725C,Simple Disorientation Tasks,Inversion_Yaw, 3,37,Target_Right,Hit,669,0.67,0.913,True,4.496,1.225,9.500,1.284,1.103,2.746,10.741
817.034,2025-10-08T00:18:01.4911550Z,638954794814911640,STEVEN100725C,Simple Disorientation Tasks,Inversion_Yaw, 3,37,Target_Up,Incorrect,1283,1.28,0.000,False,-2.910,5.097,9.500,-1.076,2.221,2.578,10.852
818.237,2025-10-08T00:18:02.6942970Z,638954794826943050,STEVEN100725C,Simple Disorientation Tasks,Inversion_Yaw, 3,38,Target_Down,Hit,681,0.68,1.000,True,-0.005,-2.609,9.500,0.000,-0.062,2.851,10.598
819.338,2025-10-08T00:18:03.7951080Z,638954794837951170,STEVEN100725C,Simple Disorientation Tasks,Inversion_Yaw, 3,39,Target_Up,Hit,576,0.58,0.950,True,0.356,5.479,9.500,0.096,2.355,2.741,10.852
820.398,2025-10-08T00:18:04.8556510Z,638954794848556590,STEVEN100725C,Simple Disorientation Tasks,Inversion_Yaw, 3,40,Target_Up,Hit,544,0.54,0.809,True,0.004,6.201,9.500,-0.003,2.508,2.663,10.854
821.468,2025-10-08T00:18:05.9254680Z,638954794859254810,STEVEN100725C,Simple Disorientation Tasks,Inversion_Yaw, 3,41,Target_Up,Hit,537,0.54,0.778,True,0.020,6.290,9.500,0.003,2.532,2.650,10.855
822.524,2025-10-08T00:18:06.9810810Z,638954794869810910,STEVEN100725C,Simple Disorientation Tasks,Inversion_Yaw, 3,42,Target_Up,Hit,536,0.54,0.971,True,0.160,5.591,9.500,0.046,2.403,2.718,10.853
823.649,2025-10-08T00:18:08.1061950Z,638954794881062060,STEVEN100725C,Simple Disorientation Tasks,Inversion_Yaw, 3,42,Target_Right,Incorrect,602,0.60,0.000,False,4.496,1.225,9.500,-1.589,1.048,2.570,10.741
824.971,2025-10-08T00:18:09.4281790Z,638954794894281860,STEVEN100725C,Simple Disorientation Tasks,Inversion_Yaw, 3,43,Target_Up,Hit,795,0.80,0.781,True,0.479,6.148,9.500,0.121,2.474,2.679,10.854
826.053,2025-10-08T00:18:10.5099730Z,638954794905099920,STEVEN100725C,Simple Disorientation Tasks,Inversion_Yaw, 3,44,Target_Up,Hit,566,0.57,0.758,True,0.309,6.298,9.500,0.082,2.541,2.643,10.855
827.447,2025-10-08T00:18:11.9042560Z,638954794919042630,STEVEN100725C,Simple Disorientation Tasks,Inversion_Yaw, 3,45,Target_Right,Hit,879,0.88,0.370,True,6.006,1.186,9.500,1.597,1.086,2.564,10.746
828.630,2025-10-08T00:18:13.0872780Z,638954794930872880,STEVEN100725C,Simple Disorientation Tasks,Inversion_Yaw, 3,46,Target_Left,Hit,659,0.66,0.930,True,-4.359,1.084,9.500,-1.274,1.061,2.750,10.741
829.967,2025-10-08T00:18:14.4247520Z,638954794944247650,STEVEN100725C,Simple Disorientation Tasks,Inversion_Yaw, 3,47,Target_Up,Hit,819,0.82,0.717,True,1.065,5.624,9.500,0.310,2.367,2.718,10.853
831.245,2025-10-08T00:18:15.7027270Z,638954794957027350,STEVEN100725C,Simple Disorientation Tasks,Inversion_Yaw, 3,48,Target_Left,Hit,759,0.76,0.870,True,-4.605,1.107,9.500,-1.321,1.073,2.729,10.740
832.236,2025-10-08T00:18:16.6930740Z,638954794966930810,STEVEN100725C,Simple Disorientation Tasks,Inversion_Yaw, 3,48,Target_Center,Incorrect,468,0.47,0.961,True,-0.198,1.099,9.500,-0.062,1.066,3.049,9.955
833.484,2025-10-08T00:18:17.9417500Z,638954794979417580,STEVEN100725C,Simple Disorientation Tasks,Inversion_Yaw, 3,49,Target_Left,Hit,734,0.73,0.935,True,-4.413,1.225,9.500,-1.262,1.104,2.758,10.740
834.709,2025-10-08T00:18:19.1667180Z,638954794991667300,STEVEN100725C,Simple Disorientation Tasks,Inversion_Yaw, 3,50,Target_Down,Hit,691,0.69,0.680,True,-1.026,-3.262,9.500,-0.301,-0.219,2.769,10.597
835.859,2025-10-08T00:18:20.3160790Z,638954795003160910,STEVEN100725C,Simple Disorientation Tasks,Inversion_Yaw, 3,51,Target_Down,Hit,619,0.62,0.818,True,0.288,-1.878,9.500,0.076,0.127,2.915,10.600
837.347,2025-10-08T00:18:21.8042630Z,638954795018042700,STEVEN100725C,Simple Disorientation Tasks,Inversion_Yaw, 3,52,Target_Right,Hit,983,0.98,0.766,True,4.950,1.215,9.500,1.392,1.099,2.689,10.742
838.599,2025-10-08T00:18:23.0562520Z,638954795030562580,STEVEN100725C,Simple Disorientation Tasks,Inversion_Yaw, 3,53,Target_Up,Hit,726,0.73,0.971,True,-0.243,5.496,9.500,-0.070,2.339,2.750,10.852
839.781,2025-10-08T00:18:24.2379060Z,638954795042379130,STEVEN100725C,Simple Disorientation Tasks,Inversion_Yaw, 3,54,Target_Up,Hit,662,0.66,0.968,True,-0.259,5.221,9.500,-0.076,2.278,2.778,10.852
840.897,2025-10-08T00:18:25.3545080Z,638954795053545190,STEVEN100725C,Simple Disorientation Tasks,Inversion_Yaw, 3,55,Target_Up,Hit,595,0.60,0.901,True,0.436,5.707,9.500,0.125,2.405,2.715,10.853
841.948,2025-10-08T00:18:26.4050810Z,638954795064050930,STEVEN100725C,Simple Disorientation Tasks,Inversion_Yaw, 3,56,Target_Up,Hit,543,0.54,0.308,True,1.186,3.540,9.500,0.364,1.847,2.912,10.848
852.142,2025-10-08T00:18:36.5996090Z,638954795165996170,STEVEN100725C,Simple Disorientation Tasks,Inversion_Pitch, 4,56,Target_Down,Incorrect,604,0.60,0.000,False,-0.042,0.361,9.778,0.018,1.593,3.003,10.615
852.833,2025-10-08T00:18:37.2904420Z,638954795172904500,STEVEN100725C,Simple Disorientation Tasks,Inversion_Pitch, 4,57,Target_Down,Hit,165,0.17,0.313,True,0.103,-4.796,9.500,0.024,-0.509,2.576,10.641
854.127,2025-10-08T00:18:38.5847440Z,638954795185847530,STEVEN100725C,Simple Disorientation Tasks,Inversion_Pitch, 4,58,Target_Center,Hit,784,0.78,0.915,True,-0.130,0.869,9.500,-0.042,0.986,3.048,9.955
856.075,2025-10-08T00:18:40.5326630Z,638954795205326760,STEVEN100725C,Simple Disorientation Tasks,Inversion_Pitch, 4,59,Target_Right,Hit,1429,1.43,0.528,True,2.966,2.590,9.500,0.897,1.485,2.885,10.721
857.540,2025-10-08T00:18:41.9972780Z,638954795219972850,STEVEN100725C,Simple Disorientation Tasks,Inversion_Pitch, 4,60,Target_Down,Hit,945,0.95,0.320,True,-0.203,-0.507,9.500,-0.063,0.543,2.999,10.620
858.701,2025-10-08T00:18:43.1583540Z,638954795231583630,STEVEN100725C,Simple Disorientation Tasks,Inversion_Pitch, 4,61,Target_Down,Hit,636,0.64,0.827,True,-0.124,-1.863,9.500,-0.039,0.167,2.901,10.627
860.451,2025-10-08T00:18:44.9088480Z,638954795249088560,STEVEN100725C,Simple Disorientation Tasks,Inversion_Pitch, 4,61,Target_Center,Incorrect,1229,1.23,0.555,True,-0.445,-0.105,9.500,-0.141,0.687,3.020,9.959
861.617,2025-10-08T00:18:46.0746260Z,638954795260746340,STEVEN100725C,Simple Disorientation Tasks,Inversion_Pitch, 4,61,Target_Center,Incorrect,647,0.65,0.729,True,-0.093,2.425,9.500,-0.029,1.502,3.019,9.951
863.015,2025-10-08T00:18:47.4727520Z,638954795274727690,STEVEN100725C,Simple Disorientation Tasks,Inversion_Pitch, 4,62,Target_Up,Hit,875,0.88,0.947,True,0.244,5.063,9.500,0.071,2.206,2.816,10.845
864.291,2025-10-08T00:18:48.7486350Z,638954795287486460,STEVEN100725C,Simple Disorientation Tasks,Inversion_Pitch, 4,63,Target_Up,Hit,758,0.76,0.954,True,0.337,5.242,9.500,0.098,2.253,2.795,10.846
866.142,2025-10-08T00:18:50.5989520Z,638954795305989610,STEVEN100725C,Simple Disorientation Tasks,Inversion_Pitch, 4,63,Target_Center,Incorrect,1332,1.33,0.631,True,-0.076,2.692,9.500,-0.023,1.594,3.003,9.951
868.034,2025-10-08T00:18:52.4911610Z,638954795324911670,STEVEN100725C,Simple Disorientation Tasks,Inversion_Pitch, 4,64,Target_Right,Hit,1371,1.37,0.607,True,4.555,0.081,9.500,1.316,0.762,2.732,10.727
869.337,2025-10-08T00:18:53.7945530Z,638954795337945600,STEVEN100725C,Simple Disorientation Tasks,Inversion_Pitch, 4,64,Target_Center,Incorrect,779,0.78,0.797,True,-0.007,0.488,9.500,-0.002,0.879,3.043,9.957
870.494,2025-10-08T00:18:54.9510970Z,638954795349511040,STEVEN100725C,Simple Disorientation Tasks,Inversion_Pitch, 4,65,Target_Up,Hit,631,0.63,0.672,True,0.332,6.537,9.500,0.091,2.550,2.638,10.848
871.785,2025-10-08T00:18:56.2421920Z,638954795362421980,STEVEN100725C,Simple Disorientation Tasks,Inversion_Pitch, 4,66,Target_Down,Hit,779,0.78,0.802,True,-0.106,-1.785,9.500,-0.033,0.185,2.907,10.627
873.557,2025-10-08T00:18:58.0142700Z,638954795380142770,STEVEN100725C,Simple Disorientation Tasks,Inversion_Pitch, 4,67,Target_Left,Hit,1248,1.25,0.599,True,-5.370,1.726,9.500,-1.497,1.236,2.653,10.724
875.093,2025-10-08T00:18:59.5500760Z,638954795395500820,STEVEN100725C,Simple Disorientation Tasks,Inversion_Pitch, 4,68,Target_Up,Hit,1010,1.01,0.583,True,0.136,3.907,9.500,0.039,1.924,2.922,10.844
876.686,2025-10-08T00:19:01.1438980Z,638954795411439220,STEVEN100725C,Simple Disorientation Tasks,Inversion_Pitch, 4,69,Target_Left,Hit,1069,1.07,0.810,True,-4.160,2.184,9.500,-1.192,1.373,2.791,10.722
878.057,2025-10-08T00:19:02.5142520Z,638954795425142670,STEVEN100725C,Simple Disorientation Tasks,Inversion_Pitch, 4,70,Target_Left,Hit,859,0.86,0.022,True,-4.379,4.239,9.500,-1.251,1.930,2.638,10.719
879.540,2025-10-08T00:19:03.9972620Z,638954795439972720,STEVEN100725C,Simple Disorientation Tasks,Inversion_Pitch, 4,70,Target_Right,Incorrect,956,0.96,0.000,False,4.555,0.081,9.500,0.248,0.873,3.033,10.727
880.622,2025-10-08T00:19:05.0793460Z,638954795450793540,STEVEN100725C,Simple Disorientation Tasks,Inversion_Pitch, 4,70,Target_Center,Incorrect,557,0.56,0.959,True,0.324,1.449,9.500,0.102,1.174,3.047,9.954
882.021,2025-10-08T00:19:06.4780920Z,638954795464781030,STEVEN100725C,Simple Disorientation Tasks,Inversion_Pitch, 4,71,Target_Right,Hit,888,0.89,0.984,True,4.019,1.159,9.500,1.230,1.081,2.791,10.724
892.416,2025-10-08T00:19:16.8729750Z,638954795568729820,STEVEN100725C,Simple Disorientation Tasks,Inversion_XYZ, 5,72,Target_Up,Hit,804,0.80,0.933,True,0.292,5.031,9.500,0.083,2.201,2.818,10.845
893.798,2025-10-08T00:19:18.2554740Z,638954795582554820,STEVEN100725C,Simple Disorientation Tasks,Inversion_XYZ, 5,73,Target_Down,Hit,871,0.87,0.831,True,0.135,-1.874,9.500,0.035,0.142,2.893,10.627
895.168,2025-10-08T00:19:19.6249820Z,638954795596249920,STEVEN100725C,Simple Disorientation Tasks,Inversion_XYZ, 5,73,Target_Right,Incorrect,847,0.85,0.000,False,4.019,1.159,9.500,-1.021,1.252,2.858,10.724
895.800,2025-10-08T00:19:20.2571820Z,638954795602572100,STEVEN100725C,Simple Disorientation Tasks,Inversion_XYZ, 5,74,Target_Right,Hit,107,0.11,0.500,True,4.551,2.944,9.500,1.281,1.578,2.694,10.740
897.145,2025-10-08T00:19:21.6027520Z,638954795616027640,STEVEN100725C,Simple Disorientation Tasks,Inversion_XYZ, 5,75,Target_Up,Hit,822,0.82,0.000,False,-0.220,2.361,10.135,-0.036,1.322,3.040,10.843
898.505,2025-10-08T00:19:22.9619360Z,638954795629619450,STEVEN100725C,Simple Disorientation Tasks,Inversion_XYZ, 5,76,Target_Right,Hit,834,0.83,0.356,True,5.962,1.950,9.500,1.584,1.285,2.562,10.744
899.643,2025-10-08T00:19:24.1004590Z,638954795641004650,STEVEN100725C,Simple Disorientation Tasks,Inversion_XYZ, 5,77,Target_Left,Hit,625,0.63,0.497,True,-4.159,3.039,9.500,-1.201,1.605,2.732,10.735
901.281,2025-10-08T00:19:25.7381680Z,638954795657381780,STEVEN100725C,Simple Disorientation Tasks,Inversion_XYZ, 5,78,Target_Left,Hit,1114,1.11,0.231,True,-4.521,-0.952,9.500,-1.270,0.469,2.685,10.744
902.817,2025-10-08T00:19:27.2741150Z,638954795672741280,STEVEN100725C,Simple Disorientation Tasks,Inversion_XYZ, 5,79,Target_Down,Hit,1011,1.01,0.742,True,0.192,-1.627,9.500,0.053,0.218,2.917,10.626
904.044,2025-10-08T00:19:28.5015860Z,638954795685015970,STEVEN100725C,Simple Disorientation Tasks,Inversion_XYZ, 5,80,Target_Down,Hit,700,0.70,0.690,True,-1.045,-2.106,9.500,-0.317,0.090,2.857,10.628
905.414,2025-10-08T00:19:29.8715570Z,638954795698715690,STEVEN100725C,Simple Disorientation Tasks,Inversion_XYZ, 5,81,Target_Up,Hit,861,0.86,0.987,True,0.174,5.314,9.500,0.046,2.278,2.784,10.846
906.613,2025-10-08T00:19:31.0706660Z,638954795710706740,STEVEN100725C,Simple Disorientation Tasks,Inversion_XYZ, 5,82,Target_Left,Hit,677,0.68,0.776,True,-4.107,2.289,9.500,-1.197,1.399,2.770,10.735
907.693,2025-10-08T00:19:32.1508230Z,638954795721508310,STEVEN100725C,Simple Disorientation Tasks,Inversion_XYZ, 5,83,Target_Center,Hit,556,0.56,0.636,True,-0.248,2.657,9.500,-0.079,1.535,3.012,9.951
909.042,2025-10-08T00:19:33.4996640Z,638954795734996710,STEVEN100725C,Simple Disorientation Tasks,Inversion_XYZ, 5,84,Target_Right,Hit,832,0.83,0.852,True,4.136,2.060,9.500,1.195,1.341,2.774,10.738
911.071,2025-10-08T00:19:35.5283960Z,638954795755284020,STEVEN100725C,Simple Disorientation Tasks,Inversion_XYZ, 5,85,Target_Right,Hit,1514,1.51,0.567,True,3.134,2.588,9.500,0.939,1.508,2.856,10.733
912.531,2025-10-08T00:19:36.9880750Z,638954795769880830,STEVEN100725C,Simple Disorientation Tasks,Inversion_XYZ, 5,86,Target_Left,Hit,927,0.93,0.405,True,-5.028,2.988,9.500,-1.382,1.560,2.649,10.738
913.935,2025-10-08T00:19:38.3924290Z,638954795783924400,STEVEN100725C,Simple Disorientation Tasks,Inversion_XYZ, 5,87,Target_Down,Hit,869,0.87,0.704,True,-0.498,-1.619,9.500,-0.153,0.235,2.919,10.626
915.202,2025-10-08T00:19:39.6589100Z,638954795796589180,STEVEN100725C,Simple Disorientation Tasks,Inversion_XYZ, 5,88,Target_Down,Hit,746,0.75,0.571,True,-1.047,-1.578,9.500,-0.330,0.236,2.904,10.625
916.592,2025-10-08T00:19:41.0494980Z,638954795810495050,STEVEN100725C,Simple Disorientation Tasks,Inversion_XYZ, 5,89,Target_Down,Hit,868,0.87,0.902,True,0.029,-2.087,9.500,0.007,0.090,2.875,10.628
917.720,2025-10-08T00:19:42.1774400Z,638954795821774480,STEVEN100725C,Simple Disorientation Tasks,Inversion_XYZ, 5,89,Target_Center,Incorrect,612,0.61,0.898,True,-0.568,1.353,9.500,-0.181,1.149,3.044,9.954
919.066,2025-10-08T00:19:43.5234890Z,638954795835234960,STEVEN100725C,Simple Disorientation Tasks,Inversion_XYZ, 5,90,Target_Up,Hit,813,0.81,0.697,True,0.030,4.207,9.500,-0.007,2.029,2.887,10.844
920.115,2025-10-08T00:19:44.5727290Z,638954795845727390,STEVEN100725C,Simple Disorientation Tasks,Inversion_XYZ, 5,90,Target_Center,Incorrect,524,0.52,0.809,True,-0.811,1.586,9.500,-0.257,1.221,3.035,9.953
921.788,2025-10-08T00:19:46.2452890Z,638954795862452970,STEVEN100725C,Simple Disorientation Tasks,Inversion_XYZ, 5,91,Target_Right,Hit,1150,1.15,0.407,True,4.290,3.257,9.500,1.201,1.669,2.717,10.736
931.812,2025-10-08T00:19:56.2697800Z,638954795962697880,STEVEN100725C,Simple Disorientation Tasks,Motion_Damp, 6,91,Target_Center,Incorrect,469,0.47,0.959,True,-0.016,1.696,9.500,-0.005,1.243,3.042,9.957
933.000,2025-10-08T00:19:57.4568820Z,638954795974568910,STEVEN100725C,Simple Disorientation Tasks,Motion_Damp, 6,92,Target_Left,Hit,657,0.66,0.710,True,-3.626,0.308,9.500,-1.124,0.813,2.827,10.724
933.959,2025-10-08T00:19:58.4164130Z,638954795984164210,STEVEN100725C,Simple Disorientation Tasks,Motion_Damp, 6,92,Target_Center,Incorrect,436,0.44,0.889,True,0.566,1.184,9.500,0.185,1.091,3.044,9.955
935.172,2025-10-08T00:19:59.6295820Z,638954795996295880,STEVEN100725C,Simple Disorientation Tasks,Motion_Damp, 6,93,Target_Down,Hit,686,0.69,0.977,True,0.222,-2.743,9.500,0.068,-0.122,2.827,10.598
936.352,2025-10-08T00:20:00.8095940Z,638954796008096040,STEVEN100725C,Simple Disorientation Tasks,Motion_Damp, 6,94,Target_Left,Hit,658,0.66,0.878,True,-3.868,0.745,9.500,-1.200,0.948,2.802,10.725
937.444,2025-10-08T00:20:01.9010600Z,638954796019010690,STEVEN100725C,Simple Disorientation Tasks,Motion_Damp, 6,95,Target_Up,Hit,568,0.57,0.786,True,-0.277,4.498,9.500,-0.085,2.117,2.844,10.850
938.470,2025-10-08T00:20:02.9273690Z,638954796029273770,STEVEN100725C,Simple Disorientation Tasks,Motion_Damp, 6,95,Target_Center,Incorrect,502,0.50,0.903,True,0.092,0.820,9.500,0.029,0.983,3.050,9.954
939.569,2025-10-08T00:20:04.0259430Z,638954796040259520,STEVEN100725C,Simple Disorientation Tasks,Motion_Damp, 6,96,Target_Up,Hit,578,0.58,0.977,True,0.001,5.117,9.500,0.000,2.272,2.781,10.852
940.541,2025-10-08T00:20:04.9980640Z,638954796049980750,STEVEN100725C,Simple Disorientation Tasks,Motion_Damp, 6,96,Target_Center,Incorrect,454,0.45,0.967,True,0.106,1.081,9.500,0.035,1.053,3.050,9.955
941.621,2025-10-08T00:20:06.0784090Z,638954796060785140,STEVEN100725C,Simple Disorientation Tasks,Motion_Damp, 6,96,Target_Center,Incorrect,556,0.56,0.854,True,0.008,2.067,9.500,0.002,1.380,3.029,9.958
942.854,2025-10-08T00:20:07.3109850Z,638954796073109910,STEVEN100725C,Simple Disorientation Tasks,Motion_Damp, 6,97,Target_Right,Hit,704,0.70,0.918,True,4.258,0.936,9.500,1.293,1.018,2.761,10.725
944.895,2025-10-08T00:20:09.3523920Z,638954796093524050,STEVEN100725C,Simple Disorientation Tasks,Motion_Damp, 6,98,Target_Up,Hit,1523,1.52,0.836,True,-0.001,4.602,9.500,0.002,2.106,2.850,10.851
946.069,2025-10-08T00:20:10.5265970Z,638954796105266050,STEVEN100725C,Simple Disorientation Tasks,Motion_Damp, 6,99,Target_Up,Hit,662,0.66,0.865,True,-0.071,4.694,9.500,-0.019,2.165,2.826,10.852
947.356,2025-10-08T00:20:11.8136410Z,638954796118136480,STEVEN100725C,Simple Disorientation Tasks,Motion_Damp, 6,100,Target_Right,Hit,768,0.77,0.867,True,3.351,1.212,9.500,1.052,1.100,2.861,10.726
948.774,2025-10-08T00:20:13.2308630Z,638954796132308710,STEVEN100725C,Simple Disorientation Tasks,Motion_Damp, 6,100,Target_Down,Incorrect,893,0.89,0.000,False,0.222,-2.743,9.500,-0.044,1.923,2.912,10.598
950.143,2025-10-08T00:20:14.5999610Z,638954796145999710,STEVEN100725C,Simple Disorientation Tasks,Motion_Damp, 6,101,Target_Down,Hit,846,0.85,0.896,True,0.045,-2.066,9.500,0.012,0.061,2.894,10.601
951.366,2025-10-08T00:20:15.8232110Z,638954796158232210,STEVEN100725C,Simple Disorientation Tasks,Motion_Damp, 6,102,Target_Left,Hit,691,0.69,0.678,True,-2.810,1.169,9.500,-0.904,1.077,2.911,10.727
952.602,2025-10-08T00:20:17.0592310Z,638954796170592380,STEVEN100725C,Simple Disorientation Tasks,Motion_Damp, 6,103,Target_Right,Hit,723,0.72,0.947,True,3.613,1.326,9.500,1.115,1.132,2.834,10.728
954.731,2025-10-08T00:20:19.1884160Z,638954796191884260,STEVEN100725C,Simple Disorientation Tasks,Motion_Damp, 6,104,Target_Up,Hit,1616,1.62,0.792,True,-0.107,4.478,9.500,-0.035,2.092,2.852,10.853
956.109,2025-10-08T00:20:20.5661830Z,638954796205661910,STEVEN100725C,Simple Disorientation Tasks,Motion_Damp, 6,105,Target_Left,Hit,868,0.87,0.267,True,-1.842,0.631,9.500,-0.607,0.922,2.986,10.726
957.171,2025-10-08T00:20:21.6286720Z,638954796216286780,STEVEN100725C,Simple Disorientation Tasks,Motion_Damp, 6,106,Target_Center,Hit,537,0.54,0.992,True,-0.096,1.258,9.500,-0.018,1.118,3.046,9.958
958.697,2025-10-08T00:20:23.1541920Z,638954796231541990,STEVEN100725C,Simple Disorientation Tasks,Motion_Damp, 6,106,Target_Up,Incorrect,1002,1.00,0.273,True,0.190,3.106,9.500,0.058,1.709,2.969,10.848
960.388,2025-10-08T00:20:24.8453320Z,638954796248453420,STEVEN100725C,Simple Disorientation Tasks,Motion_Damp, 6,107,Target_Down,Hit,1169,1.17,0.349,True,0.037,-0.570,9.500,0.012,0.525,3.004,10.610
961.902,2025-10-08T00:20:26.3596830Z,638954796263597210,STEVEN100725C,Simple Disorientation Tasks,Motion_Damp, 6,107,Target_Left,Incorrect,1000,1.00,0.000,False,-1.842,0.631,9.500,-0.117,0.511,2.998,10.726
972.127,2025-10-08T00:20:36.5839710Z,638954796365839780,STEVEN100725C,Simple Disorientation Tasks,Throttiling_FPS, 7,108,Target_Down,Hit,669,0.67,0.568,True,0.351,-4.095,9.500,0.098,-0.416,2.689,10.595
973.158,2025-10-08T00:20:37.6153340Z,638954796376154650,STEVEN100725C,Simple Disorientation Tasks,Throttiling_FPS, 7,109,Target_Up,Hit,514,0.51,0.514,True,0.219,6.988,9.500,0.059,2.664,2.569,10.856
974.234,2025-10-08T00:20:38.6916380Z,638954796386916470,STEVEN100725C,Simple Disorientation Tasks,Throttiling_FPS, 7,110,Target_Up,Hit,558,0.56,0.702,True,-0.017,6.501,9.500,-0.003,2.568,2.628,10.855
975.282,2025-10-08T00:20:39.7388780Z,638954796397388860,STEVEN100725C,Simple Disorientation Tasks,Throttiling_FPS, 7,111,Target_Right,Hit,523,0.52,0.855,True,4.696,1.270,9.500,1.370,1.109,2.724,10.725
976.427,2025-10-08T00:20:40.8845970Z,638954796408846040,STEVEN100725C,Simple Disorientation Tasks,Throttiling_FPS, 7,112,Target_Down,Hit,621,0.62,0.754,True,-0.065,-3.634,9.500,-0.015,-0.318,2.740,10.596
977.516,2025-10-08T00:20:41.9735680Z,638954796419735800,STEVEN100725C,Simple Disorientation Tasks,Throttiling_FPS, 7,113,Target_Left,Hit,565,0.57,0.831,True,-4.676,0.981,9.500,-1.378,1.034,2.721,10.725
978.725,2025-10-08T00:20:43.1824110Z,638954796431824200,STEVEN100725C,Simple Disorientation Tasks,Throttiling_FPS, 7,114,Target_Down,Hit,674,0.67,0.983,True,-0.172,-2.762,9.500,-0.052,-0.074,2.846,10.598
979.914,2025-10-08T00:20:44.3717560Z,638954796443717670,STEVEN100725C,Simple Disorientation Tasks,Throttiling_FPS, 7,115,Target_Down,Hit,669,0.67,0.905,True,-0.039,-3.180,9.500,-0.013,-0.190,2.800,10.597
980.937,2025-10-08T00:20:45.3948560Z,638954796453948620,STEVEN100725C,Simple Disorientation Tasks,Throttiling_FPS, 7,115,Target_Center,Incorrect,509,0.51,1.000,True,0.034,1.359,9.500,0.012,1.148,3.047,9.956
981.865,2025-10-08T00:20:46.3220310Z,638954796463220410,STEVEN100725C,Simple Disorientation Tasks,Throttiling_FPS, 7,115,Target_Center,Incorrect,401,0.40,0.996,True,-0.104,1.341,9.500,-0.033,1.138,3.048,9.956
982.898,2025-10-08T00:20:47.3549970Z,638954796473550060,STEVEN100725C,Simple Disorientation Tasks,Throttiling_FPS, 7,116,Target_Left,Hit,524,0.52,0.758,True,-3.023,1.233,9.500,-1.055,1.096,2.861,10.726
984.032,2025-10-08T00:20:48.4892880Z,638954796484893000,STEVEN100725C,Simple Disorientation Tasks,Throttiling_FPS, 7,117,Target_Left,Hit,612,0.61,0.962,True,-3.744,1.165,9.500,-1.094,1.083,2.847,10.725
985.219,2025-10-08T00:20:49.6758680Z,638954796496758750,STEVEN100725C,Simple Disorientation Tasks,Throttiling_FPS, 7,118,Target_Down,Hit,673,0.67,0.981,True,0.065,-2.423,9.500,0.020,0.002,2.875,10.599
986.243,2025-10-08T00:20:50.7000010Z,638954796507000100,STEVEN100725C,Simple Disorientation Tasks,Throttiling_FPS, 7,118,Target_Center,Incorrect,516,0.52,0.999,True,-0.016,1.328,9.500,-0.001,1.156,3.047,9.956
987.331,2025-10-08T00:20:51.7881850Z,638954796517881960,STEVEN100725C,Simple Disorientation Tasks,Throttiling_FPS, 7,119,Target_Up,Hit,567,0.57,0.974,True,-0.032,5.622,9.500,-0.008,2.354,2.743,10.853
988.443,2025-10-08T00:20:52.8999840Z,638954796528999920,STEVEN100725C,Simple Disorientation Tasks,Throttiling_FPS, 7,120,Target_Right,Hit,588,0.59,0.934,True,4.344,1.088,9.500,1.256,1.063,2.779,10.725
989.515,2025-10-08T00:20:53.9722740Z,638954796539722830,STEVEN100725C,Simple Disorientation Tasks,Throttiling_FPS, 7,121,Target_Left,Hit,545,0.55,0.823,True,-3.270,1.682,9.500,-1.117,1.217,2.831,10.727
990.671,2025-10-08T00:20:55.1283210Z,638954796551283300,STEVEN100725C,Simple Disorientation Tasks,Throttiling_FPS, 7,122,Target_Down,Hit,635,0.64,0.952,True,-0.043,-3.003,9.500,-0.011,-0.137,2.822,10.597
991.798,2025-10-08T00:20:56.2554530Z,638954796562554620,STEVEN100725C,Simple Disorientation Tasks,Throttiling_FPS, 7,123,Target_Left,Hit,589,0.59,0.891,True,-4.373,0.904,9.500,-1.263,1.009,2.777,10.725
992.876,2025-10-08T00:20:57.3331150Z,638954796573331240,STEVEN100725C,Simple Disorientation Tasks,Throttiling_FPS, 7,124,Target_Up,Hit,556,0.56,0.996,True,0.018,5.456,9.500,-0.001,2.359,2.741,10.852
993.957,2025-10-08T00:20:58.4144620Z,638954796584144680,STEVEN100725C,Simple Disorientation Tasks,Throttiling_FPS, 7,125,Target_Right,Hit,558,0.56,0.929,True,3.718,1.001,9.500,1.107,1.037,2.842,10.724
995.149,2025-10-08T00:20:59.6065460Z,638954796596065580,STEVEN100725C,Simple Disorientation Tasks,Throttiling_FPS, 7,126,Target_Down,Hit,666,0.67,0.993,True,-0.057,-2.520,9.500,-0.032,-0.053,2.855,10.598
996.235,2025-10-08T00:21:00.6920180Z,638954796606920250,STEVEN100725C,Simple Disorientation Tasks,Throttiling_FPS, 7,127,Target_Right,Hit,562,0.56,0.955,True,3.987,1.006,9.500,1.080,1.046,2.853,10.725
997.375,2025-10-08T00:21:01.8327530Z,638954796618327590,STEVEN100725C,Simple Disorientation Tasks,Throttiling_FPS, 7,128,Target_Right,Hit,617,0.62,0.998,True,3.946,1.324,9.500,1.343,1.123,2.737,10.725
998.471,2025-10-08T00:21:02.9287460Z,638954796629287580,STEVEN100725C,Simple Disorientation Tasks,Throttiling_FPS, 7,129,Target_Left,Hit,571,0.57,0.800,True,-3.135,1.348,9.500,-0.858,1.143,2.924,10.726
999.691,2025-10-08T00:21:04.1488270Z,638954796641488350,STEVEN100725C,Simple Disorientation Tasks,Throttiling_FPS, 7,130,Target_Down,Hit,700,0.70,0.909,True,-0.438,-2.937,9.500,-0.129,-0.131,2.821,10.597
1000.785,2025-10-08T00:21:05.2424530Z,638954796652424600,STEVEN100725C,Simple Disorientation Tasks,Throttiling_FPS, 7,131,Target_Right,Hit,577,0.58,0.962,True,3.900,1.052,9.500,1.166,1.050,2.818,10.725
1001.911,2025-10-08T00:21:06.3683610Z,638954796663683700,STEVEN100725C,Simple Disorientation Tasks,Throttiling_FPS, 7,132,Target_Down,Hit,597,0.60,0.142,True,-0.176,-0.047,9.500,-0.059,0.707,3.033,10.607
